customer_id,first_name,last_name,email,join_date
1,Danielle,Johnson,john21@example.net,2025-07-07
2,Patricia,Miller,fjohnson@example.org,2024-06-07
3,William,Johnson,jennifermiles@example.com,2024-05-29
4,Shane,Ramirez,blakeerik@example.com,2024-08-30
5,Joshua,Lewis,curtis61@example.com,2025-09-28
6,Maurice,Baker,blairamanda@example.com,2024-02-09
7,Andrea,Calderon,barbara10@example.net,2024-06-04
8,Kendra,Galloway,michellejames@example.com,2025-04-16
9,Mary,Martin,jason41@example.net,2025-04-16
10,George,Daniel,stevennelson@example.net,2025-05-27
11,Angela,Cohen,perezantonio@example.com,2024-10-16
12,Joseph,Clark,jason76@example.net,2024-11-30
13,Douglas,Taylor,julie69@example.com,2024-09-16
14,Jeffrey,Bright,ddavis@example.org,2024-04-06
15,Courtney,Conner,ycarlson@example.com,2025-03-16
16,Wendy,Rice,frazierdanny@example.net,2025-07-15
17,Joseph,Davidson,cartereric@example.org,2025-06-22
18,Nancy,Baker,williamrodriguez@example.net,2024-07-28
19,Meagan,Romero,ericfarmer@example.net,2025-08-05
20,Sandra,Sellers,tracy15@example.com,2024-06-12
21,Brian,Humphrey,millertodd@example.org,2025-07-22
22,Amanda,Martinez,karroyo@example.com,2025-01-22
23,Monique,Henderson,sarahcampos@example.net,2024-05-14
24,Jennifer,Ross,samuel87@example.org,2024-06-19
25,Jeffrey,Morgan,briannasmith@example.net,2025-04-13
26,Brian,Jones,heathchad@example.org,2024-07-13
27,Elizabeth,Lewis,jenniferkhan@example.net,2024-12-11
28,John,Kennedy,glee@example.net,2024-11-08
29,Michael,Jenkins,nuneztracey@example.org,2024-01-26
30,Richard,Morgan,wrightjames@example.com,2024-03-27
31,Robert,Ramirez,nancyjones@example.net,2024-02-24
32,Brent,Kidd,novaksara@example.org,2024-04-17
33,Richard,Olson,kbarrera@example.com,2023-12-11
34,Tricia,Baker,smitchell@example.net,2025-08-09
35,Angela,Higgins,jamesrobinson@example.org,2025-03-03
36,Jill,Brown,brian97@example.net,2025-11-23
37,Melissa,Moore,yorkcasey@example.org,2025-05-17
38,Michelle,Powell,bethwilliams@example.org,2024-10-30
39,Diane,Cunningham,sarah35@example.org,2024-07-03
40,Randy,Powers,stephen10@example.com,2025-04-05
41,Yolanda,Ferrell,medinawilliam@example.org,2025-12-03
42,Michael,Jones,mikemoore@example.net,2025-06-08
43,Kevin,Riggs,contrerasangela@example.net,2024-02-28
44,Sheila,Taylor,prestonjulia@example.org,2024-07-08
45,Juan,Clark,james48@example.com,2024-06-22
46,Rebecca,Mathis,waltersmaria@example.org,2023-12-12
47,Matthew,Anderson,evan78@example.net,2024-11-06
48,Ann,Rodriguez,amydavenport@example.net,2025-02-11
49,Earl,Anderson,michael05@example.org,2025-05-22
50,John,Garcia,vdickson@example.org,2025-11-28
51,Sarah,Hancock,nicolejohnson@example.net,2025-11-27
52,Martin,Galvan,josephcobb@example.org,2024-10-02
53,Monica,Garrison,jamessellers@example.com,2024-08-03
54,Lori,Savage,andrewlee@example.com,2024-07-13
55,Michelle,Rasmussen,michael86@example.net,2025-09-25
56,Amanda,Crosby,wileyjose@example.net,2024-07-03
57,Benjamin,Carlson,jessica56@example.net,2025-01-10
58,Darrell,Lam,jonathanfletcher@example.org,2025-01-16
59,Sara,Ryan,michaeljones@example.net,2025-11-24
60,Mark,Edwards,cortezkevin@example.com,2025-05-10
61,Ricky,Powell,angela36@example.net,2025-12-09
62,Nicholas,Adkins,christinaturner@example.net,2025-09-17
63,Aaron,Mitchell,mfloyd@example.net,2024-08-16
64,Steven,Ramos,williamleon@example.net,2024-04-19
65,Donna,Campbell,clarence34@example.org,2025-08-27
66,James,Johnson,traceycarr@example.org,2024-11-27
67,Robert,Soto,jennifercruz@example.com,2024-06-16
68,Dylan,Watts,osbornejeffery@example.net,2025-01-15
69,Steven,Grant,bryantlaurie@example.net,2025-01-25
70,Vanessa,Larson,usalazar@example.net,2024-11-05
71,Maria,Kelley,juliawells@example.com,2025-07-15
72,John,Walsh,rsims@example.com,2024-02-08
73,Jennifer,Young,luis81@example.org,2024-04-05
74,Jesse,Benson,calebrussell@example.net,2024-12-05
75,Robert,Clark,xprice@example.net,2025-06-02
76,Andrew,Gilmore,wwoods@example.com,2025-07-17
77,Peter,Snow,vmedina@example.net,2025-08-22
78,Carrie,Walker,joshuatucker@example.com,2024-08-27
79,Elizabeth,Yates,marycalhoun@example.net,2025-01-27
80,Anthony,Long,millerroy@example.com,2024-04-29
81,Brent,Gray,shawnrogers@example.com,2024-07-13
82,Karen,Decker,mary70@example.net,2025-01-31
83,Brett,Crane,debraharrington@example.net,2024-01-10
84,Karen,Herring,maryhowell@example.org,2024-03-17
85,Thomas,Wilson,stevenscott@example.com,2024-04-18
86,Catherine,Stuart,stricklandfrank@example.com,2024-03-02
87,Beth,Hickman,tsanders@example.org,2024-02-07
88,Brittany,Rivas,curtisbarton@example.net,2025-03-20
89,Linda,Hogan,reedross@example.com,2024-02-01
90,William,Peterson,gshort@example.com,2024-09-16
91,Cynthia,Poole,ryangross@example.net,2024-07-06
92,Christina,Gillespie,umarshall@example.net,2024-07-05
93,Marcus,Sanchez,ramirezshannon@example.com,2025-02-24
94,Cheryl,Gray,snydermark@example.com,2024-05-22
95,Michael,Green,nicole48@example.org,2025-01-14
96,Stacy,Miller,wfreeman@example.org,2025-05-29
97,Thomas,Joseph,fmcguire@example.com,2024-05-30
98,Richard,Sanchez,thomas85@example.com,2025-07-11
99,Andrea,Bell,qnelson@example.org,2024-03-12
100,Jennifer,Stewart,jamesrodgers@example.com,2025-06-24
101,Brittany,Wolf,tina34@example.org,2024-09-15
102,Harry,Smith,joshuamccann@example.net,2024-07-23
103,Heidi,Martinez,agarcia@example.net,2024-07-17
104,Taylor,Alexander,tammyking@example.com,2024-03-07
105,Lynn,Morales,rayglenda@example.org,2024-04-03
106,Lisa,Avery,mcknightdavid@example.com,2025-03-24
107,Caitlin,Montgomery,chayes@example.com,2025-10-08
108,Brianna,Patterson,lynchjody@example.org,2025-04-08
109,Jason,Guerrero,johnarnold@example.org,2023-12-12
110,Ricky,Norris,ocarter@example.com,2025-06-11
111,Justin,Heath,mcdanielsandra@example.net,2025-03-12
112,Donna,Peck,owilson@example.net,2024-04-03
113,Rebekah,Serrano,brownlaura@example.net,2025-07-13
114,Madison,Morse,smartinez@example.com,2025-06-05
115,Richard,Nelson,mkim@example.org,2025-10-30
116,Ryan,Morris,anthony39@example.net,2023-12-26
117,Yvonne,Chambers,barbara27@example.net,2025-04-29
118,Scott,Ramirez,fwalters@example.org,2024-12-09
119,Michael,Cook,hodgemark@example.net,2024-12-28
120,Keith,Landry,gibsonleonard@example.com,2024-03-09
121,Tara,Powell,sandovalamy@example.com,2024-01-21
122,Jacob,Cox,wgarrett@example.org,2024-05-16
123,Joseph,Anderson,samuel71@example.org,2025-04-12
124,Chelsea,Allen,lancesmith@example.com,2024-02-20
125,Jeffrey,Skinner,murraydavid@example.org,2024-12-31
126,Sarah,Carter,robert77@example.org,2024-11-28
127,Andrea,Reyes,michellehill@example.com,2024-08-29
128,Sarah,Romero,campbellkenneth@example.net,2025-03-04
129,Yolanda,Burns,seanwashington@example.com,2025-02-10
130,Kathryn,Bennett,molly39@example.com,2024-06-08
131,Melissa,Jenkins,julie66@example.net,2025-08-16
132,Lori,Pollard,ihanna@example.net,2025-03-12
133,Martin,Garcia,dgarcia@example.org,2025-06-23
134,Douglas,Pitts,charlesharrington@example.com,2024-08-28
135,Cindy,Sanders,christianmelissa@example.net,2024-09-30
136,Stephanie,Sims,cbrennan@example.net,2024-02-01
137,Jimmy,Cohen,wendy16@example.org,2025-07-22
138,Cynthia,Brennan,tjackson@example.org,2024-01-14
139,Mark,Brown,nicholas23@example.net,2024-10-25
140,Ashlee,Sparks,gregorylynch@example.com,2025-04-04
141,Felicia,Jimenez,jesselittle@example.com,2024-06-25
142,Elizabeth,Nolan,rsantana@example.net,2024-04-10
143,Charles,Landry,danielle64@example.com,2025-09-26
144,Kevin,Kidd,yrodriguez@example.net,2024-09-13
145,Bailey,Haney,andrew64@example.org,2025-02-21
146,Michelle,Osborne,lozanojulie@example.com,2025-08-03
147,Lauren,Lawson,jeffery39@example.com,2025-05-19
148,Karla,Saunders,courtneyberger@example.net,2024-01-09
149,Kyle,Alexander,jessica14@example.com,2025-07-12
150,Robert,Gonzalez,alyssa42@example.com,2025-11-18
151,Makayla,Olson,julie51@example.com,2024-02-06
152,Donald,Levy,zcoffey@example.net,2024-09-19
153,Christopher,Foster,amanda75@example.net,2025-07-13
154,Emily,Richards,daniel37@example.org,2025-04-04
155,Nicole,Hoffman,deborahreid@example.com,2025-11-15
156,Jacqueline,Banks,taylorsophia@example.com,2024-12-26
157,Darren,Young,paulwatson@example.net,2025-06-02
158,Sonya,Barnes,nicolepena@example.com,2025-04-01
159,Ricky,Lynn,vaughnjeff@example.com,2024-06-10
160,Melissa,Garcia,amy50@example.com,2024-07-11
161,James,Martinez,ndavis@example.net,2025-04-19
162,Carla,Smith,john29@example.org,2024-02-01
163,Maria,Spencer,lisahall@example.org,2025-08-13
164,Rachel,Smith,vanessafernandez@example.org,2024-03-04
165,Donna,Johnson,howardkristina@example.net,2024-08-17
166,Alfred,Baker,judyfox@example.net,2024-01-28
167,Thomas,Strickland,hayesjeffrey@example.net,2024-01-12
168,Jessica,Kerr,stephen00@example.com,2025-09-28
169,Richard,Parks,cjoseph@example.org,2025-11-07
170,Christopher,Franklin,martinezclaudia@example.net,2025-02-07
171,Jennifer,James,shawn96@example.org,2025-08-17
172,Jacqueline,Farrell,russellbeasley@example.com,2024-08-29
173,Maria,Ross,edwardslarry@example.com,2024-09-25
174,Stephanie,Mcdaniel,fjones@example.org,2024-11-09
175,Colin,Rodgers,angelawillis@example.net,2025-02-18
176,Mark,Martinez,morgan60@example.com,2025-03-20
177,Larry,Garcia,ericolson@example.org,2024-09-06
178,Megan,Richardson,audrey68@example.net,2025-03-30
179,Emily,Hawkins,anthony44@example.com,2024-09-07
180,Adam,Kane,vjones@example.net,2024-01-02
181,Christopher,Moreno,vbarnes@example.org,2024-09-22
182,Larry,Nguyen,wareeric@example.net,2024-01-17
183,Emily,Nelson,ctucker@example.com,2024-07-09
184,Jason,Hunt,russell49@example.com,2025-01-22
185,Elizabeth,Williams,djoyce@example.org,2024-05-16
186,Kevin,Clark,kathrynroberts@example.org,2023-12-16
187,Tyler,Jordan,omarpadilla@example.net,2025-02-15
188,Martha,Drake,sandersjudy@example.com,2023-12-24
189,Steve,Miller,barbara96@example.net,2025-04-20
190,Robert,Wilson,burchgeorge@example.net,2024-12-01
191,Marilyn,Gillespie,kimdaniel@example.com,2025-03-11
192,Richard,Miller,julie35@example.org,2024-02-07
193,William,Wilson,rebeccabailey@example.net,2025-09-06
194,Debbie,Hernandez,thomasjames@example.net,2024-04-06
195,Kathleen,Rios,stephanieburton@example.com,2025-07-17
196,Anne,Riley,michelle52@example.com,2024-02-01
197,Taylor,Welch,brittany58@example.org,2024-08-07
198,Steven,Johnson,marie11@example.net,2025-03-15
199,William,Ford,colelisa@example.net,2024-05-04
200,Marc,Alvarez,susanhayes@example.com,2025-06-16
